<?xml version="1.0" encoding="UTF-8" ?>
<!DOCTYPE configuration
        PUBLIC "-//mybatis.org//DTD Config 3.0//EN"
        "http://mybatis.org/dtd/mybatis-3-config.dtd">

<configuration>
    <!-->配置环境<-->
    <environments default="mysql">
        <!-->配置mysql的环境<-->
        <environment id="mysql">
            <!-->配置事务类型<-->
            <transactionManager type="JDBC"></transactionManager>
            <dataSource type="POOLED">
                <property name="driver" value="com.mysql.cj.jdbc.Driver"></property>
                <property name="url" value="jdbc:mysql://localhost:3306/mybatis?serverTimezone=GMT"></property>
                <property name="username" value="root"></property>
                <property name="password" value="123456"></property>
            </dataSource>
        </environment>
    </environments>

    <mappers>
        <!--<sqlMapper resource="com/ninjutsu/dao/IUserDao.xml"></sqlMapper>-->
        <mapper class="com.ninjutsu.dao.IUserDao"></mapper>
    </mappers>
</configuration>